{"_runtime":6.3170366,"_step":0,"Final Test RMSE":52963.271606891525,"Final Test MAE":37007.42959854954,"_wandb":{"runtime":11},"Final Test R² Score":0.7859364377164941,"_timestamp":1.7419289617956622e+09}