{"_wandb":{"runtime":15},"Final Test R² Score":0.8329821276108508,"_timestamp":1.7415126100024745e+09,"_runtime":9.8422705,"_step":0,"Final Test RMSE":46782.65912765477,"Final Test MAE":30767.716630329458}