{"Final Test R² Score":0.8165105647385656,"_timestamp":1.7415076613396137e+09,"_runtime":4.9526525,"_step":0,"_wandb":{"runtime":4},"Final Test RMSE":49035.31415000173,"Final Test MAE":32054.1131430929}