{"_wandb":{"runtime":5},"Final Test R² Score":0.799946630124535,"_timestamp":1.7419289302941768e+09,"_runtime":1.1098469,"_step":0,"Final Test RMSE":51200.755073744454,"Final Test MAE":34850.66393569828}