{"Final Test R² Score":0.7511789712257675,"_timestamp":1.741507630665508e+09,"_runtime":1.8040731,"_step":0,"Final Test RMSE":57101.42818536956,"Final Test MAE":39707.98941868035,"_wandb":{"runtime":1}}