{"_wandb":{"runtime":10},"Final Test RMSE":46898.05409551371,"Final Test MAE":30739.2008293211,"Final Test R² Score":0.8321571727249416,"_timestamp":1.7415125169718463e+09,"_runtime":6.1153527,"_step":0}