{"Final Test MAE":43195.800639307774,"Final Test R² Score":0.7206936366309753,"_timestamp":1.741808586768752e+09,"_runtime":1.2759563,"_step":0,"_wandb":{"runtime":5},"Final Test RMSE":60498.39388269619}