{"_step":0,"_wandb":{"runtime":4},"Final Test RMSE":55863.44503636972,"Final Test MAE":38356.012031022896,"Final Test R² Score":0.761851105788303,"_timestamp":1.74151250203137e+09,"_runtime":0.9029565}