{"_timestamp":1.7415076355786636e+09,"_runtime":0.8230062,"_step":0,"_wandb":{"runtime":0},"Final Test RMSE":60968.66715855037,"Final Test MAE":42249.07901261204,"Final Test R² Score":0.716334485125395}