{"Final Test R² Score":0.8115080086462924,"_timestamp":1.7418085553655632e+09,"_runtime":2.7379835,"_step":0,"Final Test RMSE":49699.25530593035,"Final Test MAE":32594.84241763566,"_wandb":{"runtime":7}}