{"Final Test MAE":33223.678126135535,"_wandb":{"runtime":1},"Final Test R² Score":0.8166820159638788,"_timestamp":1.7415076779940152e+09,"_runtime":1.5392028,"_step":0,"Final Test RMSE":49012.3996713031}