{"Final Test RMSE":54107.68987218454,"Final Test MAE":37244.182175747184,"Final Test R² Score":0.7765856193053114,"_wandb":{"runtime":7},"_timestamp":1.7419288985716755e+09,"_runtime":1.7296844,"_step":0}