{"_runtime":3.4330525,"_step":0,"_wandb":{"runtime":7},"Final Test RMSE":54096.07598265984,"Final Test MAE":38316.0001741158,"Final Test R² Score":0.7766815181127573,"_timestamp":1.7415125920367043e+09}