{"_wandb":{"runtime":2},"Final Test MAE":32866.65876616249,"Final Test R² Score":0.8092352762023578,"_timestamp":1.7415076482450335e+09,"_runtime":2.6989682,"_step":0,"Final Test RMSE":49997.98063882938}