{"Final Test MAE":37837.21358992702,"Final Test R² Score":0.7687708588672324,"_wandb":{"runtime":4},"_timestamp":1.741512987855057e+09,"_runtime":0.9712645,"_step":0,"Final Test RMSE":55045.86656337702}