{"Final Test R² Score":0.6662056184944025,"_timestamp":1.7415130081870434e+09,"_runtime":0.7137133,"_step":0,"Final Test RMSE":66136.76393741254,"_wandb":{"runtime":4},"Final Test MAE":46822.229965328246}