{"_wandb":{"runtime":10},"_runtime":6.0475024,"_step":0,"Final Test RMSE":45908.77826615231,"Final Test MAE":29895.924092137535,"Final Test R² Score":0.8391635010987171,"_timestamp":1.741512579996654e+09}