{"_timestamp":1.7418085757595346e+09,"_runtime":1.5193752,"_wandb":{"runtime":5},"_step":0,"Final Test RMSE":51646.70921719512,"Final Test MAE":35239.59080138687,"Final Test R² Score":0.7964465584976214}