{"_step":0,"_wandb":{"runtime":7},"Final Test RMSE":48271.877484768076,"Final Test MAE":31435.281729764716,"Final Test R² Score":0.8221796252470357,"_timestamp":1.7415130740045924e+09,"_runtime":3.4977776}