{"Final Test RMSE":46347.461970310396,"Final Test MAE":30000.68238250969,"Final Test R² Score":0.8360750523876163,"_timestamp":1.7418085451000266e+09,"_runtime":2.4748218,"_step":0,"_wandb":{"runtime":6}}