{"_step":0,"_wandb":{"runtime":4},"Final Test RMSE":49635.88206344682,"Final Test MAE":33363.06178650376,"Final Test R² Score":0.8119884075028458,"_timestamp":1.7419289191388242e+09,"_runtime":1.064425}