{"Final Test R² Score":0.8204546501593792,"_timestamp":1.7419289109481776e+09,"_wandb":{"runtime":7},"_runtime":3.26486,"_step":0,"Final Test RMSE":48505.44695521863,"Final Test MAE":31938.443057511206}