{"Final Test R² Score":0.8177508294564064,"_timestamp":1.741507653219194e+09,"_runtime":2.8694758,"_step":0,"_wandb":{"runtime":2},"Final Test RMSE":48869.31034476361,"Final Test MAE":31948.771081259085}