{"_wandb":{"runtime":5},"Final Test RMSE":48617.18168116154,"Final Test MAE":31757.85772196452,"Final Test R² Score":0.8196265140222085,"_timestamp":1.741513030036997e+09,"_runtime":2.1102561,"_step":0}