{"Final Test MAE":32282.75335456789,"_wandb":{"runtime":1},"Final Test R² Score":0.8185407643239787,"_timestamp":1.741507683708502e+09,"_runtime":1.5462082000000001,"_step":0,"Final Test RMSE":48763.28656013556}