{"_timestamp":1.741512493219892e+09,"_runtime":3.3559408,"_step":0,"_wandb":{"runtime":7},"Final Test RMSE":46637.991468494394,"Final Test MAE":30352.046786995823,"Final Test R² Score":0.834013480956516}