{"_timestamp":1.7415124818128977e+09,"_runtime":7.2536819,"_step":0,"Final Test RMSE":46479.05519173721,"Final Test MAE":30501.96081732225,"_wandb":{"runtime":12},"Final Test R² Score":0.8351428746759233}