{"_timestamp":1.7415130511864986e+09,"_runtime":1.8903268,"_step":0,"_wandb":{"runtime":6},"Final Test RMSE":47149.62086733601,"Final Test MAE":31304.614643895347,"Final Test R² Score":0.8303516852488442}