{"_runtime":1.9583591999999999,"_step":0,"Final Test RMSE":49004.14580268143,"_wandb":{"runtime":7},"Final Test MAE":33124.97584427235,"Final Test R² Score":0.8167437536123936,"_timestamp":1.7418084915146773e+09}