{"Final Test MAE":30185.06026299055,"_wandb":{"runtime":6},"Final Test R² Score":0.8326215295516582,"_timestamp":1.7419289841737533e+09,"_runtime":3.0614583,"_step":0,"Final Test RMSE":46833.13468472255}