{"_wandb":{"runtime":7},"_runtime":2.3560316,"_step":0,"Final Test RMSE":47590.76524907026,"Final Test MAE":31736.818229734436,"Final Test R² Score":0.8271622848591512,"_timestamp":1.7415130204419703e+09}