{"Final Test RMSE":46826.7821584402,"Final Test MAE":30297.43548442042,"Final Test R² Score":0.8326669334746493,"_timestamp":1.741808524638481e+09,"_wandb":{"runtime":8},"_runtime":3.3831899,"_step":0}