{"Final Test RMSE":48809.78075226633,"Final Test MAE":32703.570785404176,"_wandb":{"runtime":7},"Final Test R² Score":0.8181945685168879,"_timestamp":1.7415130629297101e+09,"_runtime":3.0394237,"_step":0}