{"_runtime":2.6790096,"_step":0,"_wandb":{"runtime":6},"Final Test RMSE":48989.22431999042,"Final Test MAE":31967.393951179445,"Final Test R² Score":0.8168553375835352,"_timestamp":1.7418085660402377e+09}