{"Final Test MAE":31677.082066262414,"Final Test R² Score":0.8215287153208666,"_timestamp":1.741507690568414e+09,"_runtime":2.7099896,"_step":0,"_wandb":{"runtime":2},"Final Test RMSE":48360.146174481735}