{"Final Test RMSE":47751.690935734,"_wandb":{"runtime":6},"Final Test MAE":31002.034994435864,"Final Test R² Score":0.8259914251898025,"_timestamp":1.7419289736337674e+09,"_runtime":2.6549695,"_step":0}