{"_runtime":5.9667581,"_step":0,"_wandb":{"runtime":10},"Final Test RMSE":45862.278423113436,"Final Test MAE":29867.641047041547,"Final Test R² Score":0.8394891505564375,"_timestamp":1.7415125324762166e+09}