{"Final Test RMSE":48394.733644092965,"_wandb":{"runtime":2},"Final Test MAE":31911.427699835727,"Final Test R² Score":0.8212733365405749,"_timestamp":1.7415076424582329e+09,"_runtime":2.6482796,"_step":0}