{"_wandb":{"runtime":5},"_step":0,"Final Test RMSE":47420.511841411804,"Final Test MAE":31229.0397731574,"Final Test R² Score":0.8283967081544152,"_timestamp":1.7418085332725723e+09,"_runtime":1.370956}