{"Final Test MAE":30365.41760727047,"Final Test R² Score":0.8356751391149155,"_wandb":{"runtime":10},"_timestamp":1.7415125645617845e+09,"_runtime":6.7114059,"_step":0,"Final Test RMSE":46403.96244417081}