{"Final Test R² Score":0.8317161106512951,"_timestamp":1.7415125514330745e+09,"_runtime":9.0931852,"_step":0,"_wandb":{"runtime":13},"Final Test RMSE":46959.63367572633,"Final Test MAE":30097.848884523377}