{"Final Test RMSE":46690.49571583666,"Final Test MAE":30497.630366362344,"Final Test R² Score":0.8336395410601499,"_timestamp":1.7418085020482507e+09,"_wandb":{"runtime":5},"_runtime":1.7283506,"_step":0}