{"Final Test R² Score":0.8255535493691024,"_timestamp":1.741928943842793e+09,"_runtime":3.8949119,"_step":0,"_wandb":{"runtime":8},"Final Test RMSE":47811.73445180441,"Final Test MAE":30783.07810607437}