{"_timestamp":1.7419289942143052e+09,"_runtime":2.8601555,"_step":0,"_wandb":{"runtime":7},"Final Test RMSE":47611.66200555062,"Final Test MAE":30530.38166466055,"Final Test R² Score":0.8270104679858152}