{"Final Test R² Score":0.7559685245972072,"_timestamp":1.7418085116551163e+09,"_runtime":1.0397175,"_step":0,"Final Test RMSE":56549.18534702273,"_wandb":{"runtime":5},"Final Test MAE":39525.05149663881}