{"_timestamp":1.7419290046762338e+09,"_wandb":{"runtime":7},"_runtime":2.6970788,"_step":0,"Final Test RMSE":47828.903482627844,"Final Test MAE":30757.34915326732,"Final Test R² Score":0.8254282406229068}