{"Final Test R² Score":0.8206910528726903,"_timestamp":1.7415076702390115e+09,"_runtime":3.6544037,"_step":0,"Final Test RMSE":48473.50350392981,"Final Test MAE":31870.73154561834,"_wandb":{"runtime":3}}