{"Final Test MAE":32389.906119945437,"Final Test R² Score":0.8202424521763224,"_timestamp":1.7415130401433225e+09,"_wandb":{"runtime":4},"_runtime":1.1428711,"_step":0,"Final Test RMSE":48534.1018846249}