{"_step":0,"Final Test RMSE":52295.56728699363,"_wandb":{"runtime":5},"Final Test MAE":35847.613821103594,"Final Test R² Score":0.7912997847786633,"_timestamp":1.741512977445006e+09,"_runtime":1.4776134}