{"Final Test RMSE":47877.212855421996,"Final Test MAE":31809.737771677417,"Final Test R² Score":0.825075411656559,"_timestamp":1.741512997689902e+09,"_runtime":1.1390017000000001,"_step":0,"_wandb":{"runtime":4}}